Initiative ID,Title,Category,Assigned To,Status,Timeline,Evaluation Status,Start Date,Target Date,Progress (%)
INIT001,Cloud Infrastructure Migration,IT Infrastructure,Alice Smith,Completed,Short-Term,Target Achieved,10-01-2024,15-03-2024,100
INIT002,Internal Cybersecurity Audit,IT Security,David Lee,In Progress,Short-Term,Partially Achieved,05-02-2024,01-04-2024,60
INIT003,Deploy CRM for Sales,Sales Automation,Nita Rao,Not Started,Mid-Term,Not Achieved,01-03-2024,01-07-2024,0
INIT004,Machine Learning Model for Predictive Analytics,Data Science,John Cho,In Progress,Long-Term,Partially Achieved,15-04-2024,30-10-2024,45
INIT005,Office 365 Rollout,Productivity Tools,Chen Wang,Completed,Short-Term,Target Achieved,15-02-2024,15-03-2024,95
INIT006,Implement SSO & MFA,IT Security,Meera Jain,Completed,Short-Term,Target Achieved,20-01-2024,01-03-2024,100
INIT007,Cloud Cost Optimization,Cloud Services,Ravi Patel,In Progress,Mid-Term,Partially Achieved,10-03-2024,15-07-2024,55
INIT008,Mobile App Development,Product Development,Susan Brown,Not Started,Long-Term,Not Achieved,01-05-2024,15-11-2024,0
INIT009,Data Privacy Compliance (GDPR),Compliance,Michael Kim,Completed,Mid-Term,Target Achieved,01-02-2024,01-06-2024,100
INIT010,Network Upgrade Project,IT Infrastructure,Linda Garcia,In Progress,Mid-Term,Partially Achieved,01-04-2024,30-07-2024,75
,,,,,,,,,
,,,,,,,,,
,,,,,,,,,
,,,,,,,,,
,,,,,,,,,
,,,,,,,,,
,,,,,,,,,
,,,,,,,,,
,,,,,,,,,
,,,,,,,,,
,,,,,,,,,
,,,,,,,,,
,,,,,,,,,
,,,,,,,,,
,,,,,,,,,
,,,,,,,,,
,,,,,,,,,
,,,,,,,,,
,,,,,,,,,
,,,,,,,,,
,,,,,,,,,
,,,,,,,,,
,,,,,,,,,
,,,,,,,,,
,,,,,,,,,
,,,,,,,,,
,,,,,,,,,
,,,,,,,,,
,,,,,,,,,
,,,,,,,,,
,,,,,,,,,
,,,,,,,,,
,,,,,,,,,
,,,,,,,,,
,,,,,,,,,
,,,,,,,,,
,,,,,,,,,
,,,,,,,,,
,,,,,,,,,
,,,,,,,,,
,,,,,,,,,
,,,,,,,,,
,,,,,,,,,
,,,,,,,,,
,,,,,,,,,
,,,,,,,,,
,,,,,,,,,
,,,,,,,,,
,,,,,,,,,
